turno,p1_v,p2_v,p1_a,p2_a
-,66,66,19,13
0.11280216782561159,53,66,19,13
0.8449928517732034,53,47,19,13
0.8264161648099551,53,28,19,13
0.7919866384092471,53,9,19,13
0.21144570365524973,40,9,19,13
0.954901696644756,40,-10,19,13
